node_id,domain,title,summary,body,status
arched-panels,islamic,Arched panels,,"Rounded panels carved in bas-relief with vegetal patterns.

One artifact was found re-employed in the Ghazni area in the late 1950s or 1960s, more were first recorded in the Ghazni storerooms in 2002.",published
arches,islamic,Arches,,"Arches, composed by more panels, carved in bas-relief. The shape of the arch is of the Persian pointed type, in some cases horseshoe; the arch might spring from decorative columns. The inscriptions often include honorific titles and names; building texts, Qur‘anic verses and religious phrases are also attested.

Most artifacts were found re-employed in the Ghazni area in the period 1958-1966; other were excavated in the Ghaznavid palace or beside the minaret of Bahramshah in 1978.",published
attributes,buddhist,Attributes,,"This category includes objects in the round such as *vajras* and bowls that, although found isolated, are fully recognizable as attributes originally held by lost or partially preserved figures.",published
bases-of-columns,islamic,Bases of columns,,"Bases of columns, composed by one or more elements; some are carved in bas-relief. The upper side contains a round hole for inserting the column (most probably in wood).

Most artifacts were excavated in the mosque of the Ghaznavid palace, some were found re-employed in the Ghazni area in 1957; other were purchased in Ghazni in 1958; one was first recorded in the Ghazni store-rooms in 2002.",published
basins,islamic,Basins,,"Basins, most often sculpted in a square shape; the inner reservoir is often polylobed and inscribed in a hexagon or octagon. Some are carved in bas relief. Some have a drainage hole.

Artifacts were found in the Ghazni area or in the Rawza and Kabul museums in the years 1957-1966, or were purchased in Ghazni in the same years, or were excavated in the Ghaznavid palace and in the house of luster wares; other were first recorded in the Ghazni store-rooms in 2002.",published
brick-columns-stucco-tiles,islamic,Brick columns with stucco tiles,,The technique adopted in panels is applied to Columns as well. The 7 finds show a brick geometric pattern and stucco tiles inserted. The only come from the southern area.,published
brick-tiles,islamic,Brick tiles,,Brick tiles usually are bigger than stucco ones. They are usually carved with a single vegetal element or some vegetal elements radially arranged.,published
brickwork-and-stucco,islamic,Brickwork and stucco,,"The combination of brickwork and stucco occurs in panels and columns made of edgewise laid bricks composing a geometric pattern with stucco tiles inserted into. Please note that in some cases the tiles are made of brick as well; it is still unclear whether they represent a replacement of stucco tiles or not. Seventeen different geometric patterns have been identified so far. 

For items made of a layer of decorated stucco bedded on a baked brick base, see the [Stucco section](/islamic/finds/stucco).",published
brickwork-frames,islamic,Frames,,"Frames show either vegetal, geometric or zoomorphic motifs. Some of them might have belonged to panels.",published
brickwork,islamic,Brickwork,,"The finds are classified in nine categories. Very small fragments and fragments in a very bad state of preservation have been excluded. All elements of architectural decoration were painted.  
The definition of brickwork has been preferred to that of clay, which is the base material worked either as baked or unbaked. Most artefacts come from the excavation of the Ghaznavid Palace.  
Among the finds brought to Italy (Museo Nazionale d’Arte Orientale) in 1966, only a few have been restored and analysed in 2007; 137 items are still unbandaged.",published
buddhist-coins,buddhist,Coins,,"Small metal objects, and especially coins, from the excavations of Tapa Sardar disappeared from the storerooms in Ghazni during the years of the civil war.

However, the MAIA had preserved at the Centro Scavi of IsMEO/IsIAO in Rome the casts of the coins, which are presently being studied by Michael Alram, Director of the Coin Collection of the Kunsthistorisches Museum Wien.",published
bw_columns,islamic,Pillars and columns,Pillars and columns,"Pillars and columns are engaged having a merely decorative function. For instance, cubic and prismatic elements show only two decorated sides since they were always fit into a corner.  
The category includes many different elements, all coming from the Ghaznavid Palace.",published
bw_friezes,islamic,Friezes,Friezes,"Friezes were probably arranged in horizontal series composing superimposed registers. All come from the Ghaznavid Palace. The only identified type is with knotted pseudo-epigraphic motif and comes from the central area-west side, the central courtyard, the south-western area (private apartments).",published
bw_panels-and-frames,islamic,Panels and frames,,Eight types of panels have been identified so far. Some are in a very fragmentary status and can be recognised by technique.,published
bw_pilasters,islamic,Pilasters,,"Pilasters are composed by panels with vegetal decoration, whose measures rang in width between 27 and 30 cm and in height between 30 and 60 cm.  
No such item was found in situ, but the elevated number of finds along the central courtyard perimeter attest to their important role in the architectural decoration of the antechambers. Current hypotheses also relocate them on the back wall of the throne hall, possibly flanking the throne itself. Pilasters show a carved, modular decoration. Four patterns have been reconstructed so far; others are still unidentified. Type 1 counts the majority of finds and it is attested by stucco finds as well (see [Stucco/Pilasters](/islamic/finds/stucco/pilasters)).",published
bws_panels,islamic,Brick panels with stucco tiles,,"Brick panels with stucco tiles show endlessly repeatable geometric, modular patterns. They were largely employed in the architectural decoration of the Ghaznavid Palace; a few were found still in situ: this helped in understanding that, originally, they covered the lateral walls of the antechambers open on the central courtyard. From the numerous fragmentary items retrieved it has been possible to reconstruct 17 patterns; in some cases, the reconstruction has been made starting from a single fragment. These numbers attest to an elevated variety, so that it is hard to imagine that the same pattern could repeat in different rooms. As the other elements of the architectural decoration, they were painted, mainly in red, with the addition of the vividly painted tiles.  
Some of these panels might have had brick tiles inserted. At least one similar case was found in situ; it is still unclear whether brick tiles represented a replacement for stucco one or not.",published
capitals,islamic,Capitals,,"Capital, sculpted and carved with a vegetal elements.

The artifact was excavated in the Ghaznavid palace.",published
cornices,buddhist,Cornices,,"A large number of fragments of cornices have been found at Tapa Sardar, all separated from their original setting. However, besides attesting the wide variety of motifs (vegetal, animal, geometric, composite), they also bear witness to the multi-functional and combined use of the moulds.",published
dado-antropomorphic-decoration-39,islamic,Dado with antropomorphic decoration (type 39),,"Dado carved in bas-relief (type 39). The existing decoration is composed of three horizontal sections: the upper section consists of a cursive epigraphic band, the second section of a beaded band, the lower section of a sequence of continuous pointed horseshoe arches.

The pointed horseshoe arches enclose a standing personage holding a club. Vegetal elements ending up in a double-headed eagle fill the contour panels.

The height of the only panel with known dimensions is 51 cm (not complete), its width is 58 cm; its thickness is 5 cm.

Two of the artifacts were recorded in the Kabul National Museum storeroom in 1958; they came from Ghazni.",published
dado-basmala-14a,islamic,Dado with basmala (type 14a),,"Dado carved in bas-relief (type 14a). This type is represented by one specimen. The decoration is composed of three horizontal sections: the upper section consists of an epigraphic band in foliated Kufic, the middle section of a sequence of interlaced trilobated arches, and the lower section of a sequence of two interlaced and rolled up half-palmettes. The band of trilobated arches meets at an angle of 140°. They are set against a vegetal pattern of interlaced half-palmettes and fleur-de-lis (more complex than in dado type 14).

The height of the panel is 74 cm, its width is 57.5 cm; its thickness is 5.5 cm.

The artifact was excavated in the Ghaznavid palace (the excavation occurred in the late 1950s-1960s).

Type 14a differs from dadoes types 14 and 14b for the style of the inscription, the arches and the vegetal pattern.",published
dado-benedictory-inscription-16,islamic,Dado with benedictory inscription (type 16),,"Dado carved in bas-relief (type 16). This type is represented by one specimen. The decoration is composed of three horizontal sections: the upper section consists of an epigraphic band in cursive script, the middle section of a sequence of interlaced trilobated arches, the lower section is plain. The trilobated arches are set against a vegetal patterns composed of interlaced half-palmettes and fleur-de-lis.

The height of the panel is 50 cm, its width is 52.2 cm; its thickness is unknown.

The artifact was found re-employed in the Ghazni area in 1957.",published
dado-benedictory-inscription-17a,islamic,Dado with benedictory inscription (type 17a),,"Dado carved in bas-relief (type 17a). The decoration is composed of three horizontal sections: the upper section consists of an epigraphic band in cursive script, the middle section of a sequence of interlaced trilobated arches, the lower section of a sequence of rolled up half-palmettes (usually one). The trilobated arches are set against a vegetal pattern of interlaced half-palmettes and fleur-de-lis.

The height of the only complete panel with known dimensions is 57.5 cm; its width is 45 cm and its thickness 4.1-6 cm.

The artifacts were found re-employed in the Ghazni area (the surveys occurred in the late 1950s-1970s); one artifact was first recorded in the Ghazni new storerooms in 2002.

Type 17a differs from dadoes type 17b mainly for the style of the script, the vegetal motifs and the sequence of rolled up half-palmettes (not two interlaced ones).",published
dado-benedictory-inscription-17b,islamic,Dado with benedictory inscription (type 17b),,"Dado carved in bas-relief (type 17b). This type is represented by one specimen. The decoration is composed of three horizontal sections: the upper section consists of an epigraphic band in cursive script, the middle section of a sequence of interlaced trilobated arches, and the lower section of two interlaced and rolled up half-palmettes. The trilobated arches are set against a vegetal pattern of interlaced half-palmettes and fleur-de-lis.

The height of the panel is 44.5, its width is 46.5; its thickness is unknown.

The artifact was found re-employed in the Ghazni area in 1958.

Type 17b differs from dadoes type 17a mainly for the style of the script, the vegetal motifs and the two interlaced and rolled up half-palmettes.",published
dado-benedictory-inscription-18,islamic,Dado with benedictory inscription (type 18),,"Dado carved in bas-relief (type 18). This type is represented by a single fragmentary specimen. The existing decoration is composed of two horizontal sections: the upper section consists of an epigraphic band in cursive script, the middle section of a sequence of interlaced trilobated arches. The arches are set against a vegetal pattern of interlaced half-palmettes and fleur-de-lis.

The height of the panel is 55 cm (incomplete), its width is 48 cm; its thickness is 5 cm.

The artifact was excavated in the Ghaznavid palace in 1959.",published
dado-double-sequence-of-interlaced-arches-28a,islamic,Dado with double sequence of interlaced arches (type 28a),,"Dado carved in bas-relief (type 28a). The decoration is composed of a double sequence of interlaced trilobated arches. The arches are plain inside and alternate with vertical motifs created by split-palmettes and fleur-de-lis.

The dimensions of the complete panel are unknown, but the height of the larger fragment is 48.5 cm (incomplete), its width 43 cm; its thickness is unknown.

The artifacts were found re-employed in the Ghazni area (the surveys occurred in the late 1950s-1970s); some were first recorded in the Rawza Museum in Ghazni in the same period.

Type 28a differs from dadoes type 28b for the vegetal motifs.",published
dado-double-sequence-of-interlaced-arches-28b,islamic,Dado with double sequence of interlaced arches (type 28b),,"Dado carved in bas-relief (type 28b). The decoration is composed of a double sequence of interlaced trilobated arches. The arches are plain inside and alternate with vertical motifs created by split-palmettes and fleur-de-lis.

The dimensions of the complete panel included in this sub-type are unknown, but the height of the larger fragment with known dimensions is 53 cm, its thickness 30.5 cm.

The artifacts were found re-employed in the Ghazni area (the surveys occurred in the late 1950s-1970s).

Type 28b differs from dadoes type 28a for the vegetal motifs.",published
dado-double-sequence-of-interlaced-arches-29,islamic,Dado with double sequence of interlaced arches (type 29),,"Dado carved in bas-relief (type 29). The decoration is composed of a double sequence of interlaced trilobated arches. The arches are plain inside and alternate with vertical motifs created by split-palmettes and fleur-de-lis; they also alternate in the lower and the upper course.

The dimensions are unknown.

The artifacts were found re-employed in the Ghazni area between 1957 and 1958.",published
dado-double-sequence-of-interlaced-arches-30,islamic,Dado with double sequence of interlaced arches (type 30),,"Dado carved in bas-relief (type 30). The decoration is composed of two horizontal sections: the upper section consists of an epigraphic band in cursive script, the lower section of a double sequence of interlaced trilobated arches. The arches are plain inside and alternate with vertical motifs created by split-palmettes and fleur-de-lis; they also alternate in the lower and the upper course.

The height of the larger panel is 64.5 cm (incomplete); its width varies from 33.5 cm (incomplete) to 46.5 cm (complete) and 50 cm (incomplete); its thickness is unknown.

The artifacts were found re-employed in the Ghazni area (the surveys occurred in the late 1950s-1970s).",published
dado-double-sequence-of-interlaced-arches-31,islamic,Dado with double sequence of interlaced arches (type 31),,"Dado carved in bas-relief (type 31). The decoration is composed of one section with a double sequence of interlaced trilobated arches. The arches, which enclose an incised vegetal motif, alternate with vertical motifs created by split-palmettes and fleur-de-lis; they are positioned one on top of the other.

The dimensions are unknown.

One panel has incised marks that are related to the carvers’ practice; it might be a location mark.

The artifacts were found re-employed in the Ghazni area 1957.",published
dado-double-sequence-of-interlaced-arches-32,islamic,Dado with double sequence of interlaced arches (type 32),,"Dado carved in bas-relief (type 32). The decoration is composed of two horizontal sections: the upper section consists of incised half-palmettes, the lower section of a double sequence of interlaced trilobated arches. The arches are set against a vegetal pattern of interlaced half-palmettes and fleur-de-lis; they alternate in the lower and the upper course.

The dimensions of the complete panel are unknown; the height of the fragmentary one is 38 cm, the width 38 cm, the thickness 3 cm.

Most of the artifacts were found re-employed in the Ghazni area; one artifact was excavated in the Ghaznavid palace (both excavation and surveys occurred in the late 1950s-1970s).",published
dado-double-sequence-of-interlaced-arches-33,islamic,Dado with double sequence of interlaced arches (type 33),,"Dado carved in bas-relief (type 33). The decoration is composed of three horizontal sections: the upper section consists of an epigraphic band in cursive script, the middle section of a double sequence of interlaced trilobated arches, the lower section of an incised vegetal pattern. The arches are set against a vegetal pattern of interlaced half-palmettes and fleur-de-lis; they alternate in the lower and the upper course.

The dimensions are unknown.

Most of the artifacts were found re-employed in the Ghazni area (the surveys occurred in the late 1950s-1970s); one artifact was first recorded in the Ghazni new storerooms in 2002.",published
dado-interlaced-arches-1,islamic,Dado with interlaced arches (type 1),,"Dado carved in bas-relief (type 1). This type is represented by one specimen.  
The decoration is composed of one section with a sequence of interlaced trilobated arches. The arches are plain inside and alternate with vertical motifs created by split-palmettes and fleur-de-lis.

The dimensions are unknown.

The artifact was first recorded in the Ghazni new storerooms in 2002.

This type might have been used as an architectural dado or as a tomb paneling.",published
dado-interlaced-arches-10,islamic,Dado with interlaced arches (type 10),,"Dado carved in bas-relief (type 10). This type is represented by one specimen. The decoration is composed of one section with a sequence of interlaced trilobated arches. They are set against a vegetal pattern of interlaced half-palmettes and fleur-de-lis.

The height of the panel is 36-36.4 cm, its width from 74.8 to 16.5 cm; its thickness is 6.1-6.4 cm.

The artifact was found re-employed in the Ghazni area in 1957.

Type 10 might have been used as an architectural dado or as a tomb paneling. It differs from dadoes types 11a, 11b, 11c, 11d, 12, 13 mainly for the vegetal pattern.",published
dado-interlaced-arches-11a,islamic,Dado with interlaced arches (type 11a),,"Dado carved in bas-relief (type 11a). This type is represented by one specimen. The decoration is composed of one section with a sequence of interlaced trilobated arches. They are set against a vegetal pattern of interlaced half-palmettes and fleur-de-lis.

The dimensions are unknown.

The artifact was found re-employed in the Ghazni area in 1966.

Type 11a might have been used as an architectural dado or as a tomb paneling. It differs from dadoes types 10, 11b, 11c, 11d, 12, 13 mainly for the vegetal pattern.",published
dado-interlaced-arches-11b,islamic,Dado with interlaced arches (type 11b),,"Dado carved in bas-relief (type 11b). The decoration is composed of one section with a sequence of interlaced trilobated arches. They are set against a vegetal pattern of interlaced half-palmettes and fleur-de-lis.

The height of the panel is 30 cm, its width 84.2 cm; its thickness is unknown.

The artifacts were found re-employed in the Ghazni area (the surveys occurred in the late 1950s-1970s).

Type 11b might have been used as an architectural dado or as a tomb paneling. It differs from dadoes types 10, 11a, 11c, 11d, 12, 13 mainly for the vegetal pattern.",published
dado-interlaced-arches-11c,islamic,Dado with interlaced arches (type 11c),,"Dado carved in bas-relief (type 11c). This type is represented by one specimen. The decoration is composed of one section with a sequence of interlaced trilobated arches. They are set against a vegetal pattern of interlaced half-palmettes and fleur-de-lis.

The height of the panel is 35 cm, its width 73 cm; its thickness is unknown.

The artifact was found re-employed in the Ghazni area in 1957.

Type 11c might have been used as an architectural dado or as a tomb paneling. It differs from dadoes types 10, 11a, 11b, 11d, 12, 13 mainly for the vegetal pattern.",published
dado-interlaced-arches-11d,islamic,Dado with interlaced arches (type 11d),,"Dado carved in bas-relief (type 11d). This type is represented by one specimen. The decoration is composed of one section with a sequence of interlaced trilobated arches. They are set against a vegetal pattern of interlaced half-palmettes and fleur-de-lis.

The dimensions are unknown.

The artifact was found re-employed in the Ghazni area (the surveys occurred in the late 1950s-1970s).

Type 11d might have been used as an architectural dado or as a tomb paneling. It differs from dadoes types 10, 11a, 11b, 11c, 12, 13 mainly for the vegetal pattern; the vegetal pattern is identical to type 19.",published
dado-interlaced-arches-12,islamic,Dado with interlaced arches (type 12),,"Dado carved in bas-relief (type 12). The decoration is composed of one section with a sequence of interlaced trilobated arches. They are set against a vegetal pattern of interlaced half-palmettes and fleur-de-lis.

The dimensions are unknown.

The artifacts were found re-employed in the Ghazni area in 1957; one artifact was first recorded in the Rawza Museum in Ghazni in 2002.

Type 12 type might have been used as an architectural dado or as a tomb paneling. It differs from dadoes types 10, 11a, 11b, 11c, and 13 mainly for the vegetal pattern.",published
dado-interlaced-arches-13,islamic,Dado with interlaced arches (type 13),,"Dado carved in bas-relief (type 13). This type is represented by one specimen. The decoration is composed of one section with a sequence of interlaced trilobated arches. They are set against a vegetal pattern of interlaced half-palmettes and fleur-de-lis.

The dimensions are unknown.

The artifact was first recorded in the Rawza Museum in Ghazni in 2002.

Type 13 might have been used as an architectural dado or as a tomb paneling. It differs from dadoes types 10, 11a, 11b, 11c, and 12 mainly for the vegetal pattern.",published
dado-interlaced-arches-15,islamic,Dado with interlaced arches (type 15),,"Dado carved in bas-relief (type 15). This type is represented by a single specimen. The decoration is composed of two horizontal sections: the upper section consists of a cursive epigraphic band, the lower section of sequence of interlaced trilobated arches. The arches are set against a vegetal pattern of interlaced half-palmettes and fleur-de-lis.

The dimensions are unknown.

The artifact was found re-employed in the Ghazni area (the surveys occurred in the late 1950s-1970s).

Type 15 might have been used as an architectural dado or as a tomb paneling.",published
dado-interlaced-arches-19a,islamic,Dado with interlaced arches (type 19a),,"Dado carved in bas-relief (type 19a). This type is represented by a single fragmentary specimen. The existing decoration is composed of two horizontal sections: the upper section consists of a narrow beaded band, the lower section of a sequence of interlaced trilobated arches. The arches are set against a vegetal pattern of interlaced half-palmettes and fleur-de-lis.

The dimensions are unknown.

The artifact was first recorded in Ghazni in 2002.

Type 19a might have been used as an architectural dado or as a tomb paneling.",published
dado-interlaced-arches-19b,islamic,Dado with interlaced arches (type 19b),,"Dado carved in bas-relief (type 19b). This type is represented by a single fragmentary specimen. The existing decoration is composed of two horizontal sections: the upper section consists of a narrow beaded band, the lower section of a sequence of interlaced trilobated arches. The arches are set against a vegetal pattern of interlaced half-palmettes and fleur-de-lis.

The height of the panel is 19 cm, its width 38 cm; its thickness is 5.5 cm.

The artifact was purchased at Ghazni in 1958.

Type 19b might have been used as an architectural dado or as a tomb paneling.",published
dado-interlaced-arches-2,islamic,Dado with interlaced arches (type 2),,"Dado carved in bas-relief (type 2). The decoration is composed of three horizontal sections: the upper section consists of an epigraphic band in cursive script, the middle section of a sequence of interlaced trilobated arches, and the lower section of a sequence of two interlaced and rolled up half-palmettes. The trilobated arches are plain inside and alternate with vertical motifs created by split-palmettes and fleur-de-lis.

The height of the panels varies from 65 cm to 85 cm, their width from 19.5 cm to 65.5 cm; their thickness is 2-8.5 cm.

Some of the panels have incised marks that are related to the carvers’ practice; they might be location marks.

Most of the artifacts were excavated in the Ghaznavid palace; others were found re-employed in the Ghazni area (both excavation and surveys occurred in the late 1950s-1970s).",published
dado-interlaced-arches-20,islamic,Dado with interlaced arches (type 20),,"Dado carved in bas-relief (type 20). This type is represented by one specimen. The existing decoration is composed of four horizontal sections: the upper section is not visible in the existing photo; the second section consists of a narrow band with a sequence of small geometrical motifs, the third section of a sequence of interlaced trilobated arches, and the lower section of a sequence of two interlaced and rolled up half-palmettes. The trilobated arches are set against a vegetal pattern of interlaced half-palmettes and fleur-de-lis.

The dimensions are unknown.

The artifact was found re-employed in the Ghazni area in 1957.

Type 20 might have been used as an architectural dado or as a tomb paneling.",published
dado-interlaced-arches-24,islamic,Dado with interlaced arches (type 24),,"Dado carved in bas-relief (type 24). This type is represented by one specimen. The existing decoration is composed of two horizontal sections: the upper section consists of a sequence of interlaced trilobated arches, the lower section of incised half-palmettes. The trilobated arches are set against a vegetal pattern of interlaced half-palmettes and fleur-de-lis.

The dimensions are unknown.

The artifact was found re-employed in the Ghazni area in 1957.

Type 24 might have been used as an architectural dado or as a tomb paneling.",published
dado-interlaced-arches-24b,islamic,Dado with interlaced arches (type 24b),,,published
dado-interlaced-arches-25,islamic,Dado with interlaced arches (type 25),,"Dado carved in bas-relief (type 25). This type is represented by one fragmentary specimen. The existing decoration is composed of a sequence of interlaced trilobated arches, set against a very irregularly composed vegetal pattern.

The height of the panel is 31.7 cm, its width 43.5 cm (both incomplete); its thickness is unknown.

The artifact was found re-employed in the Ghazni area in 1957.

Type 25 might have been used as an architectural dado or as a tomb paneling.",published
dado-interlaced-arches-27,islamic,Dado with interlaced arches (type 27),,"Dado carved in bas-relief (type 27). This type is represented by one fragmentary specimen. The existing decoration is composed of two horizontal sections: the upper sections with a sequence of alternating fleur-de-lis, the lower section with a sequence of trilobated arches and vegetal motifs or patterns.

The height is 20.5 cm, its width 27 cm; its maximum thickness is 6.3 cm.

The artifact was first recorded at the Museo Nazionale d’Arte Orientale “G. Tucci” in Rome; it came from Ghazni.

Type 27 might have been used as an architectural dado or as a tomb paneling.",published
dado-interlaced-arches-3,islamic,Dado with interlaced arches (type 3),,"Dado carved in bas-relief (type 3). This type is represented by one specimen.  
The existing decoration is composed of four horizontal sections: the upper section and lowermost sections are not preserved; the second consists of a beaded band, the third section of a trilobated arch ending in a vegetal motif. The arch is plain inside. A lateral plain stripe constitutes the panel’s left frame. The dimensions are unknown.

The artifact was first recorded in the Ghazni new storerooms in 2002.

This type might have been used as an architectural dado or as a tomb paneling.",published
dado-interlaced-arches-34a,islamic,Dado with interlaced arches (type 34a),,"Dado carved in bas-relief (type 34a). The existing decoration is composed of a (single or double) sequence of interlaced trilobated arches. The arches are plain inside and alternate with vertical motifs created by split-palmettes and fleur-de-lis.

The dimensions are unknown.

The artifacts were first recorded in the Rawza Museum in Ghazni in the late 1950s-1960s.

Type 34a differs from dado type 34b for the vegetal motifs.",published
dado-interlaced-arches-34b,islamic,Dado with interlaced arches (type 34b),,"Dado carved in bas-relief (type 34b). This type is represented by one specimen.

The existing decoration is composed of a (single or double) sequence of interlaced trilobated arches. The arches are plain inside and alternate with vertical motifs created by split-palmettes and fleur-de-lis.

The dimensions are unknown.

The artifact was first recorded in the Rawza Museum in Ghazni in 1957.  
Type 34b might have been used as an architectural dado or as a tomb paneling. It differs from dadoes type 34a for the vegetal motifs.",published
dado-interlaced-arches-5a,islamic,Dado with interlaced arches (type 5a),,"Dado carved in bas-relief (type 5a). The decoration is composed of one section with a sequence of interlaced trilobated arches alternating with vertical motifs created by split-palmettes and fleur-de-lis. The arches enclose an incised vegetal motif.

The height of the only panel with known dimensions is 43 cm, its width 51 cm; its thickness is 4.5 cm.

The artifacts were found re-employed in the Ghazni area between 1957 and 1966.

This type might have been used as an architectural dado or as a tomb paneling. It differs from dadoes types 5b, 5c and 5d for the vegetal motifs.",published
dado-interlaced-arches-5b,islamic,Dado with interlaced arches (type 5b),,"Dado carved in bas-relief (type 5b). The decoration is composed of one section with a sequence of interlaced trilobated arches alternating with vertical motifs created by split-palmettes and fleur-de-lis. The arches enclose an incised vegetal motif.

The dimensions are unknown.

The artifacts were found re-employed in the Ghazni area between 1957 and 1962.

This type might have been used as an architectural dado or as a tomb paneling. It differs from dadoes types 05a, 05c and 05d for the vegetal motifs.",published
dado-interlaced-arches-5c,islamic,Dado with interlaced arches (type 5c),,"Dado carved in bas-relief (type 5c). The decoration is composed of one section with a sequence of interlaced trilobated arches alternating with vertical motifs created by split-palmettes and fleur-de-lis. The arches enclose an incised vegetal motif.

The height of the only panel with known dimensions is 33 cm, its width 50 cm; its thickness is unknown.

Most of the artifacts were found re-employed in the Ghazni area (the surveys occurred in the late 1950s-1970s). One artifact was first recorded in the Kabul National Museum storeroom in 2004; it came from Ghazni.

This type might have been used as an architectural dado or as a tomb paneling. It differs from dadoes types 5a, 5b and 5d for the vegetal motifs.",published
dado-interlaced-arches-5d,islamic,Dado with interlaced arches (type 5d),,"Dado carved in bas-relief (type 5d). This type is represented by one specimen.  
The decoration is composed of one section with a sequence of interlaced trilobated arches alternating with vertical motifs created by split-palmettes and fleur-de-lis. The arches enclose an incised vegetal motif.

The dimensions are unknown.

The artifact was first recorded in the Ghazni new storerooms in 2002.

This type might have been used as an architectural dado or as a tomb paneling. It differs from dadoes types 5a, 5b and 5c for the vegetal motifs.",published
dado-interlaced-arches-6,islamic,Dado with interlaced arches (type 6),,"Dado carved in bas-relief (type 6). This type is represented by one specimen. The existing decoration is composed of two horizontal sections: the upper section consists of a cursive epigraphic band, the middle section of a sequence of interlaced trilobated arches. The trilobated arches, enclosing an incised rosette (?), alternate with vegetal motifs created by split-palmettes and fleur-de-lis.

The dimensions are unknown.

The artifact was found re-employed in the Ghazni area in 1958.",published
dado-interlaced-arches-7,islamic,Dado with interlaced arches (type 7),,"Dado carved in bas-relief (type 7). This type is represented by one specimen. The decoration is composed of two horizontal sections: the upper section consists of incised half-palmettes; the lower section consists of a sequence of interlaced trilobated arches. The arches enclose an incised vegetal motif.

The dimensions are unknown.

The artifact was found re-employed in the Ghazni area in 1957.

This type might have been used as an architectural dado or as a tomb paneling. It differs from dadoes type 7a mainly for the absence of vegetal motifs between the arches.",published
dado-interlaced-arches-7a,islamic,Dado with interlaced arches (type 7a),,"Dado carved in bas-relief (type 7a). The decoration is composed of two horizontal sections: the upper section consists of incised half-palmettes; the lower section consists of a sequence of interlaced trilobated arches. The arches, which enclose an incised vegetal motif, alternate with vertical motifs created by split-palmettes and fleur-de-lis.

The height of the only panel with known dimensions is 35 cm (incomplete), its width 40 cm; its thickness is unknown.

Most of the artifacts were found re-employed in the Ghazni area; one was excavated in the house of the luster wares in Ghazni (both excavation and surveys occurred in the late 1950s-1970s); another was first recorded in the Ghazni new storerooms in 2002.

This type might have been used as an architectural dado or as a tomb paneling. It differs from dadoes type 7 mainly for the presence of vegetal motifs between the arches.",published
dado-interlaced-arches-8a,islamic,Dado with interlaced arches (type 8a),,"Dado carved in bas-relief (type 8a). This type is represented by one fragmentary specimen.  
The existing decoration is composed of one section with a sequence of interlaced trilobated arches. The arches, which enclose an incised vegetal motif, alternate with vertical motifs created by split-palmettes and fleur-de-lis.

The height of the panel is 43 cm, its width 33 cm (both measures are not complete); its thickness is unknown.

The artifact was found re-employed in the Ghazni area in 1957.

Type 8a differs from dado type 8b for the vegetal motifs.",published
dado-interlaced-arches-8b,islamic,Dado with interlaced arches (type 8b),,"Dado carved in bas-relief (type 8b). This type is represented by one fragmentary specimen. The existing decoration is composed of one section with a sequence of interlaced trilobated arches. The arches, which enclose an incised vegetal motif, alternate with vertical motifs created by split-palmettes and fleur-de-lis.

The dimensions are unknown.

The artifact was first recorded in the Rawza Museum in Ghazni in 1957.

Type 8b differs from dado type 8a for the vegetal motifs.",published
dado-panels,islamic,Dado panels,"Rectangular panels carved in bas-relief composing a dado. The decoration is typically composed of three horizontal sections, with an inscription in the upper band and with a sequence of interlaced trefoil arches or of Persian horseshoe arches in the mid section. The inscription include a Persian poem, or Arabic benedictory sentences.","Rectangular panels carved in bas-relief composing a dado. The decoration is typically composed of three horizontal sections, with an inscription in the upper band and with a sequence of interlaced trefoil arches or of Persian horseshoe arches in the mid section. The inscription include a Persian poem, or Arabic benedictory sentences.

Some of the panels have incised marks that are related to the carvers’ practice; they might be location marks.

The artifacts were excavated in the Ghaznavid palace, or found re-employed in the Ghazni area, or recorded in the Rawza Museum and in the Kabul National Museum in the years 1957-1966.",published
dado-persian-inscription-14,islamic,Dado with Persian inscription (type 14),,"Dado carved in bas-relief (type 14). The decoration is composed of three horizontal sections: the upper section consists of a kufic epigraphic band, the middle section of a sequence of interlaced trilobated arches, and the lower section of a sequence of two interlaced and rolled up half-palmettes. The inscriptions are part of a continuous text in Persian verses (a simplified reading is reported in the database, for a thorough analysis see Allegranzi 2019 - *link in each record*). The band of trilobated arches meets at an angle of 95°. They are set against a vegetal pattern of interlaced half-palmettes and fleur-de-lis. Type 14 differs from dadoes types 14a and 14b for the style of the inscription, the arches and the vegetal pattern.

The height of the panels varies from 69.5 to 80 cm, their width from 84.2 to 16.5 cm; their thickness is 2-9.2 cm.

Some of the panels have incised marks that are related to the carvers’ practice; they might be location marks.

Most of the artifacts were excavated in the Ghaznavid palace; others were found re-employed in the Ghazni area (both excavation and surveys occurred in the late 1950s-1970s).",published
dado-persian-inscription-14b,islamic,Dado with Persian inscription (type 14b),,"Dado carved in bas-relief (type 14b). The decoration is composed of three horizontal sections: the upper section consists of an epigraphic band in foliated Kufic, the middle section of a sequence of interlaced trilobated arches, and the lower section of a sequence of two interlaced and rolled up half-palmettes. The band of trilobated arches meets at an angle of 95°. They are set against a vegetal pattern composed of interlaced half-palmettes and fleur-de-lis.

The height of the panel is 68 cm, its width is 76 cm; its thickness is 5 cm.

The artifact was excavated in the Ghaznavid palace (the excavation occurred in the late 1950s-1960s).

Type 14b differs from dadoes types 14 and 14a for the style of the inscription, the arches and the vegetal pattern.",published
dado-pointed-horseshoe-arches-35,islamic,Dado with pointed horseshoe arches (type 35),,"Dado carved in bas-relief (type 35). This type is represented by one specimen. The decoration is composed of two horizontal sections: the upper section consist of a narrow beaded band, the lower section of a sequence of pointed horseshoe arches supported by columns. The arches enclose a vegetal motifs created by half-palmettes and fleur-de-lis.

The dimensions are unknown.

The artifact was purchased in Ghazni area in 1958.

Type 35 might have been used as an architectural dado or as a tomb paneling.",published
dado-pointed-horseshoe-arches-36,islamic,Dado with pointed horseshoe arches (type 36),,"Dado carved in bas-relief (type 36). The decoration is composed of three horizontal sections: the upper section consist of a narrow beaded band alternating with vegetal elements, the middle section of a continuous sequence of pointed horseshoe arches. The arches enclose and are alternating with vegetal motifs created by half-palmettes and fleur-de-lis.

The dimensions are unknown.

The artifacts were found re-employed in the Ghazni area in 1957.

Type 36 might have been used as an architectural dado or as a tomb paneling.",published
dado-pointed-horseshoe-arches-37,islamic,Dado with pointed horseshoe arches (type 37),,"Dado carved in bas-relief (type 37). The decoration is composed of two horizontal sections, separated by a narrow beaded band: the upper section consists of a cursive epigraphic band, the lower section of a sequence of pointed horseshoe arches supported by vegetal column-like features. The arches have an inner polylobated frame and are set against a vegetal pattern of interlaced half-palmettes and fleur-de-lis.

The height of the known fragmentary panels complexively reaches a height of about 50 cm and a width of 62.5 cm; the thickness is unknown. The original panels would have had a height of not less than 60 cm and possibly more.

The artifacts were found re-employed in the Ghazni area in 1957.",published
dado-pointed-horseshoe-arches-37b,islamic,Dado with pointed horseshoe arches (type 37b),,,published
dado-pointed-horseshoe-arches-38,islamic,Dado with pointed horseshoe arches (type 38),,"Dado carved in bas-relief (type 38). This type is represented by one specimen. The decoration is composed of three horizontal sections: the upper section consists of a sequence of rolled up half-palmettes, the middle section of a sequence of pointed horseshoe arches supported by small columns, and the lower section of a incised rolled up half-palmettes.

The pointed horseshoe arches have an inner polylobated frame and enclose a vegetal motif composed by split palmettes and fleur-de-lis; other vegetal motifs are set in the contour panels.

The dimensions are unknown.

The artifact was found re-employed in the Ghazni area in 1957.

Type 38 might have been used as an architectural dado or as a tomb paneling.",published
dado-pointed-horseshoe-arches-39b,islamic,Dado with pointed horseshoe arches (type 39b),,,published
dado-pointed-horseshoe-arches-40,islamic,Dado with pointed horseshoe arches (type 40),,"Dado carved in bas-relief (type 40). This type is represented by one fragmentary specimen. The existing decoration is composed of three horizontal sections: the upper section consists of a narrow beaded band, the second section of a sequence of continuous pointed arches (most probably horseshoe). The pointed arches have an inner polylobated frame.

The dimensions are unknown.

The artifact was found re-employed in the Ghazni area in 1957.",published
dado-trilobated-arches-26,islamic,Dado with trilobated arches (type 26),,"Dado carved in bas-relief (type 26). This type is represented by one fragmentary specimen. The existing decoration is composed of a sequence of trilobated arches enclosing and alternating with vegetal motifs.

The height of the panel is 17 cm, its width 14 cm (both incomplete); its thickness is 4 cm.

The artifact was excavated in the Ghaznavid palace (the excavation occurred in the late 1950s-1960s).

Type 26 might have been used as an architectural dado or as a tomb paneling.",published
dado-zoomorphic-decoration-21,islamic,Dado with zoomorphic decoration (type 21),,"Dado carved in bas-relief (type 21). The decoration is composed of two horizontal sections: the upper section consists of a band with leftbound running animals on a background of vegetal elements, the lower section of a sequence of interlaced trilobated arches. The band of trilobated arches meets at an angle of ab. 90°. They are set against a vegetal pattern of interlaced half-palmettes and fleur-de-lis.

The height of the larger panel with known dimensions (fragmentary) is 44 cm, its width 26.5 cm; its thickness 6 cm.

Most of the artifacts were found re-employed in the Ghazni area (the surveys occurred in the late 1950s-1970s); one artifact was first recorded in the Rawza Museum in Ghazni the late 1950s-1960s.",published
dado-zoomorphic-decoration-22,islamic,Dado with zoomorphic decoration (type 22),,"Dado carved in bas-relief (type 22). This type is represented by one specimen. The decoration is composed of four horizontal sections: the upper section consists of a narrow beaded band, the second section of leftbound running animals, the third section of a sequence of continuous trilobated arches, and the lower section of a sequence of two interlaced and rolled up half-palmettes. The trilobated arches are set against a vegetal pattern of interlaced half-palmettes and fleur-de-lis.

The height of the panel is 64 cm; the width is unknown; the thickness is 6.5 cm.

The panel has an incised mark related to the carvers’ practice; it might be a location mark.

The artifact was first recorded in the Kabul National Museum storeroom in 1958; it came from Ghazni.",published
dado-zoomorphic-decoration-23,islamic,Dado with zoomorphic decoration (type 23),,"Dado carved in bas-relief (type 23). The existing decoration is composed of two horizontal sections: the upper section consists of a band with leftbound running animals and vegetal elements, the lower section of a sequence of interlaced trilobated arches. The trilobated arches are set against a vegetal pattern of interlaced half-palmettes and fleur-de-lis.

The height of the panels (incomplete) varies from 31 cm to 37 cm, their width from 25.5 cm to 27 cm; their thickness is 5 cm.

The artifacts were purchased in Ghazni in the late 1950s-1960s.",published
dado-zoomorphic-decoration-41,islamic,Dado with zoomorphic decoration (type 41),,"Dado carved in bas-relief (type 41). This type is represented by one specimen.

The decoration is composed of two horizontal sections: the upper section consists of a figurative scene, the lower section of a sequence of fleur-de-lis with points down. In the scene two affronted elephants hold together a vegetal element with their trunks.

The height of the panel is 33 cm, its width is 60 cm; its thickness is 8.5 cm.

The artifact was purchased in Ghazni area in the late 1950s-1960s.

It differs from type 42 for the lower section.",published
dado-zoomorphic-decoration-42,islamic,Dado with zoomorphic decoration (type 42),,"Dado carved in bas-relief (type 42). This type is represented by one specimen.

The decoration is composed of two horizontal sections: the upper section consists of a figurative scene, the lower section of a sequence of two interlaced and rolled up half-palmettes. In the scene are a round element (probably a shield) with bosses and animals.

The height is 33 cm, its width 37.5 cm; its thickness is 7 cm.

The artifact was purchased in Ghazni area in the late 1950s-1960s.

It differs from type 41 for the lower section.",published
dado-zoomorphic-decoration-43,islamic,Dado with zoomorphic decoration (type 43),,"Dado carved in bas-relief (type 43).

The decoration is composed of two horizontal sections separated by a narrow beaded band: the upper section consists of a cursive epigraphic band, the lower section of a figurative scene.  
The height of the only panel with known dimension is 28 cm, its width is 38 cm; its thickness is unknown.

One panel has incised marks that are related to the carvers’ practice; it might be a location mark.

The artifact was found re-employed in the Ghazni area; another was first recorded in the Rawza Museum in Ghazni (the surveys occurred in the late 1950s-1970s).",published
dado-zoomorphic-decoration-44,islamic,Dado with zoomorphic decoration (type 44),,,published
drains,islamic,Drains,,"Drains, mostly sculpted in the shape of animal-heads.

Artifacts were found in the Ghazni area or in the Rawza and Kabul museums in the years 1957-1966, or were purchased in Ghazni in the same years; other were first recorded in the Kabul store-rooms in 2004.",published
elements-of-column,islamic,Elements of column,,"Elements of columns, sculpted in a round shape and carved in bas-relief.

The artifacts were first recorded in the Ghazni store-rooms in 2002.",published
epigraphic-frames,islamic,Epigraphic frames,,Epigraphic frames have curved or rectangular shape. Most bear a short religious formula in Kufic script.,published
figurines,buddhist,Figurines,,"Moulded flat figurines depicting Buddha images, either standing or seated, have been found in great number at Tapa Sardar. Their shape, size and find spot is in most cases compatible with a decorative function with relation to the small star-shaped *stūpas* in the Upper Terrace; as a matter of fact, continuous rows of such figurines were preserved *in situ*, i.e. attached to the walls of the podium of some of those *stūpas*.",published
floor-slabs,islamic,Floor slabs,,"Floor slabs, rectangular, with slightly converging sides. Some bear incised motifs related to the stonemasons’ work.

The artifacts were found re-employed in the Ghazni area in the late 1950s-1960s or excavated in the Ghaznavid palace.",published
frames,islamic,Frames,,"Frames, composed by rectangular and L-shaped panels, carved in bas-relief with an inscribed band, sometimes with a second register with vegetal motifs. Other examples, all with animal motifs, are probably mouldings. The inscriptions often include honorific titles; one building text and one religious invocation are also attested.

Most artifacts were found re-employed in the Ghazni area in 1957 and 1958, or excavated in the Ghaznavid palace; some were recorded in the Ghazni and Kabul storerooms in 2002 and 2004.",published
friezes,islamic,Friezes,,Friezes were probably arranged in horizontal series composing superimposed registers. All come from the Ghaznavid Palace. Three types have been identified.,published
hinges,islamic,Hinges / Hinge washers,,"Hinges and hinge washers, sculpted.

The artifacts were excavated in the Ghaznavid palace.",published
lustrewares,islamic,Lustrewares,,"Seven intact lustre-painted stonepaste bowls and one mug imported from Iran between the mid-12th and the early 13th century, belonging to three main stylistic groups. The decoration is painted, reserved and/or incised through lustre over the opaque white glaze; it variedly combines human figures, animals, vegetal and geometric motifs, architectural elements in one case, and epigraphic bands. The texts are composed in various styles of Kufic or curvilinear script, in Arabic or Persian, and range from love quatrains and well-wishing verses to benedictory formulae.  

The treasure of lustrewares was found in 1957 inside a cache of room II in the [House of Lustrewares](/islamic/house-of-lustre-wares)., probably sealed before the Mongol attack on Ghazni in 1221.",published
m_panels,islamic,Panels,"High facings, composed by rectangular and sometimes L-shaped panels carved in bas-relief. The decoration shows a geometric or vegetal pattern in the main field, most often framed by an inscribed band. The inscriptions include honorific titles; historical texts, religious and benedictory inscriptions are also attested.","High facings, composed by rectangular and sometimes L-shaped panels carved in bas-relief. The decoration shows a geometric or vegetal pattern in the main field, most often framed by an inscribed band. The inscriptions include honorific titles; historical texts, religious and benedictory inscriptions are also attested.

Most artifacts were found re-employed in the Ghazni area in 1957 and 1958, or excavated in the Ghaznavid palace; some were recorded in the Ghazni and Kabul storerooms in 2002 and 2004.",published
manuscripts,buddhist,Manuscripts,,"Many small fragments of manuscripts have been found at Tapa Sardar. Some of them – presently kept at the Kabul National Museum and not included in the inventory – were found incorporated into clumps of clay, from which they cannot be detached without specific procedures. At the time of the excavation the MAIA was not allowed to take the fragments to a specialized laboratory in Italy; thus they are still waiting for a dedicated programme of conservation and study. The find spots suggest that they might have been used as a ritual device for the consecration of both *stūpas* (as might be the case with the small *stūpa* in the centre of Room 41) and cultic images (as might be the case with the main statue of Chapel 23 and the ruined statue in a niche in Room 41).",published
merlons,islamic,Merlons,,"Saw tooth stepped merlons carved in bas-relief with a vegetal pattern.

The artifacts were found re-employed in the Ghazni area in 1957",published
more,islamic,More,,,published
moulded-relief-decorated,islamic,Moulded relief decorated tiles,,"202 tiles bear a moulded relief decoration, consisting of central pattern and frame. These tiles can be divided into two groups according to the main motif: vegetal and zoomorphic. Only two rectangular tiles bear an epigraphic band with auspicious formulae in Kufic.

72 tiles belong to the vegetal group. The most represented shape is the hexagon, especially the regular hexagon, the most spread colours are green and red, followed by yellow. The most common vegetal pattern is composed by a central geometric element (triangle, lozenge, square) with buds, leaves, or palmettes sprouting from its sides and tips. A more complex variant of this pattern is specific of the octagonal tiles, which are the largest of the whole corpus. The rosette and the vegetal scroll motifs are much less represented.

Zoomorphic motifs are to be found in 99 tiles. The most common shape is the square, the most spread colours are yellow and green, followed by red. A quadruped is depicted on the majority of tiles: gazelle/wild goat, antelope, felid/lion, hare. Five tiles are characterised by unicorns/caprids or peacocks heraldically facing each other. The less represented motifs are the zoomachia scene, a fabulous animal, a two-headed eagle, and a horse carrying a rider.

The frame types, variously combined with the central pattern, are: beaded frame or vegetal scrolls enclosed by a double fillet; single fillet; multiple concentric or overlapping fillets.

The decorated tiles were manufactured and used from the late 12th to the early 13th century.",published
moulds,buddhist,Moulds,,"Positive evidence of a large use of moulding techniques is represented at Tapa Sardar by the huge quantity and variety of stamped elements, both architectural and figural: flowers, leaves, jewel-like plaques, scrolls, animal protomes, rock-like elements – assembled in different combinations for the realization of cornices, architectural frames, landscapes – but also parts of figures, figurines, modular elements such as lock of hair and flames and so on. However, only a few specimens of the original moulds survived.",published
panel-type-1,islamic,Panel with hexagons pattern (type 1),,"Rectangular panels composing a high facing.

The decoration is composed of a kufic epigraphic band and a main section with a hexagons modular pattern which generates cross-shaped elements and lozenges. Different vegetal motifs fill the geometrical elements.

The artifact was found re-employed in a ziyara of the Ghazni area in 1957.",published
panel-type-10,islamic,Panel with whirls pattern (type 10),,"Panels (prob. rectangular) composing a high facing.

The decoration is composed of an exterior epigraphic frame, and of a main rectangular (prob.) section with whirls modular pattern. The epigraphic frame is in Kufic script; a vase-shaped element might be inserted in the line, interrupting the sequence of the words. The whirls modular pattern consists of thin whirls departing each from a small circle, and having four thin and elongated wings (each decorated by three small feather-like elements), whose ends are interlaced and converge two by two towards opposing fleur-de-lis in the contour panel.

The artifacts were found re-employed in the Ghazni area late 1950s-1960s.",published
panel-type-11,islamic,Panel with whirls pattern (type 11),,"Rectangular panels composing a high facing.

The decoration is composed of an exterior cursive epigraphic frame, and of a main section with a whirls modular pattern framed. The pattern consists of whirls departing each from a small circle, and having four wings (each decorated by three small feather-like elements), whose ends are interlaced and converge two by two, in the form of a palmette, towards opposing fleur-de-lis in the contour panels.

The only known artifact included in this type was found in the Ghazni area in 1957.",published
panel-type-12,islamic,Panel with vegetal pattern (type 12),,"Rectangular panels composing a high facing. The decoration is composed of a field with large palmettes.

---

The artifacts excavated in the Ghaznavid palace in the late 1950s-1960s.",published
panel-type-13,islamic,Panel with vegetal pattern (type 13),,"Rectangular panels composing a high facing.

The decoration is composed of a frame (epigraphic in the upper and lateral sides, vegetal in the lower one), and of main rectangular section with a vegetal pattern. The epigraphic frame is in kufic script with; palmettes are set in the corners, interrupting the sequence of the words. The vegetal frame shows a sequence of fleur-de-lis.

The artifacts were found re-employed in the Ghazni area late 1950s-1960s.",published
panel-type-14,islamic,Panel with vegetal pattern (type 14),,"Rectangular panels composing a high facing.

The decoration is composed of an epigraphic band in cursive script, and a central section with large palmettes. Rectangular hole for brackets in the front face.

The only known artifact included in this type was purchased at Ghazni in late 1950s.",published
panel-type-15,islamic,Panel with vegetal pattern (type 15),,"Rectangular panels composing a high facing.

The decoration is composed of a lateral epigraphic band in cursive script, and of a rectangular main section with a vegetal pattern (scrolls, palmettes and fleur-de-lis).

The only known artifact included in this type was found in the Ghazni area in 1957.",published
panel-type-18,islamic,Panel with epigraphic and geometric motifs (type 18),,"Rectangular panels composing a high facing.

The decoration is composed of a framing epigraphic band in cursive script on the two lateral sides, of an epigraphic cartouche in cursive script, and a lower field with a geometric pattern.

The artifacts were found re-employed in the Ghazni area in 1966.",published
panel-type-2,islamic,Panel with octagons pattern (type 2),,"Rectangular panels composing a high facing.

The decoration is composed of a lateral band with a sequence of alternating fleur-de-lis and palmettes, and a main section with an octagons modular pattern which generates cross-shaped elements. Opposing pairs of knotted fleur-de-lis are set inside the octagons, opposing pairs of knotted fleur-de-lis and palmettes in the cross-shaped elements.

The artifact was found re-employed in the Ghazni area (late 1950s-1970s).",published
panel-type-3,islamic,Panel with octagons pattern (type 3),,"Rectangular and L-shaped panels composing a high facing.

The decoration is composed of a lateral kufic epigraphic frame and a main section with an octagons modular pattern. A fleur-de-lis is inserted in every corner of the epigraphic band, interrupting the sequence of the words.

The octagons modular pattern shows: octagons with double border, filled by incised vegetal motifs; the contour panels show opposing pairs of trilobated (sometimes bilobated) and interlaced palmettes containing a fleur-de-lis, and converging in groups of four towards a decorative knot inscribed in a square pattern.

Most of the artifacts were excavated in the Ghaznavid palace; others were found re-employed in the Ghazni area (both excavation and surveys occurred in the late 1950s-1970s).",published
panel-type-3a,islamic,Panel with octagons pattern (type 3a),,"Rectangular and L-shaped panels composing a high facing.

The decoration is composed of a lateral kufic epigraphic frame and a main section with an octagons modular pattern. A fleur-de-lis is inserted in every corner of the epigraphic band, interrupting the sequence of the words.

The octagons modular pattern shows: octagons with double border, filled by incised vegetal motifs; the contour panels show opposing pairs of trilobated and interlaced palmettes containing a fleur-de-lis, and converging in groups of four towards a decorative knot inscribed in a octagon pattern.

Three artifacts were excavated in the Ghaznavid palace; others were found re-employed in the Ghazni area in 1957.",published
panel-type-4,islamic,Panel with octagons pattern (type 4),,"Rectangular and L-shaped panels composing a high facing.

The decoration is composed of a narrow kufic epigraphic band and a main section with an octagons modular pattern. A fleur-de-lis is inserted in every corner of the epigraphic band, interrupting the sequence of the words. The octagons modular pattern generates cross-shaped elements. A motif of four pairs of convergent fleur-de-lis fills the octagons, which are framed by a beaded band. A motif of trilobated and interlaced fleur-de-lis, converging in groups of four towards a small central lozenge inscribed in a square pattern, fill the cross-shaped elements.

The only known artifact included in this type was purchased in Ghazni in late 1950s-1970s.",published
panel-type-5,islamic,Panel with octagons pattern (type 5),,"Rectangular and L-shaped panels composing a high facing.

The decoration is composed of a kufic epigraphic band, of a main section with an octagons modular pattern and of a lower band of rolled up scrolls. The epigraphic band frames the main section; a double fleur-de-lis is inserted in every corner of the band, interrupting the sequence of the words. The octagons modular pattern, alternating horizontal sequences of smaller and larger octagons, generates four-pointed stars; different vegetal motifs fill the geometrical elements.

The artifacts were found re-employed in the Ghazni area (late 1950s-1970s).",published
panel-type-6,islamic,Panel with octagons pattern (type 6),,"Rectangular panels composing a high facing.

The decoration is composed of three frames and of an inner section. The exterior frame consists of a sequence of two interlaced and rolled up scrolls (fleur-de-lis set in the corners), the middle frame of an octagons modular pattern, the inner frame of a narrow epigraphic band in cursive script (fleur-de-lis set in the corners), and the inner section consists of a kufic epigraphic band. The octagons modular pattern is composed of a sequence of octagons alternated to lozenges and generating cross-shaped elements; different vegetal or geometrical motifs fill octagons, lozenges and cross-shaped elements.

The artifacts were found re-employed in a ziyara of the Ghazni area in 1957.",published
panel-type-7,islamic,Panel with octagons pattern (type 7),,"Panels (prob. rectangular) composing a high facing.

As concerns the existing decoration, it shows an octagons modular pattern, generating cross-shaped elements. Palmettes, scrolls and fleur-de-lis are carved inside the octagons, while converging fleur-de-lis inside the cross-shaped elements.

The artifacts were found re-employed in a ziyara of the Ghazni area in 1957 and 1958.",published
panel-type-8,islamic,Panel with squares pattern (type 8),,"Panels (prob. rectangular) composing a high facing.

The decoration is composed of a modular pattern of squares, each filled with different vegetal or geometric motifs.

The only known artifact included in this type was excavated in the Ghaznavid palace in the late 1950s-1960s.",published
panel-type-9,islamic,Panel with whirls pattern (type 9),,"Rectangular panels composing a high facing.

The decoration is composed of a frame (epigraphic in the upper and lateral sides, vegetal in the lower one) and of a main rectangular section (H. 120 cm, W. 58 cm) with a whirls modular pattern. The epigraphic frame is in kufic script; a fleur-de-lis is inserted in the upper corners, interrupting the sequence of the words. The vegetal frame shows a sequence of two interlaced and rolled up scrolls. The whirls modular pattern of the main section consists of thick whirls composed of four wings (each decorated by three large feather-like elements), whose ends are interlaced and converge two by two towards opposing fleur-de-lis in the contour panel.

The artifacts were excavated in the Ghaznavid palace in the late 1950s-1960s.",published
panels-niche-design,islamic,Panels with niche design,,"Rectangular panels carved in bas-relief with pointed horseshoe arch, typically framed on three sides by an epigraphic band. The inscriptions include Koranic verses, religious or benedictory phrases, honorific titles and help identifying the original context of the objects.

All but one artifacts were found re-employed in the Ghazni area in 1957; one was purchased in Ghazni in the late 1950s-1960s.",published
panels-with-brick-inserts,islamic,Panels with brick inserts,,"Panels with geometric pattern and brick inserts features brick inserts whose shape is different from that of their slots (for instance, flower-shaped inserts occupy hexagonal slots). This makes them differ from the Brick panels with stucco tiles (see <a href=""https://ghazni.bdus.cloud/islamic/finds/brickwork-and-stucco"" target=""_blank"" rel=""noreferrer"">Brickwork and stucco</a>), where stucco tiles fit precisely in the slots created by the brick geometric pattern.",published
panels-with-deep-decoration,islamic,Panels with deep-carved decoration,,"Panels with deep-carved decoration show two main groups: a vegetal one and a second composed by vegetal elements in a geometric pattern. A few come from the Ghaznavid Palace, about 68 have unknown provenance. The latter resemble panel decorating the minaret of Bahramshah in Ghazni.",published
panels-with-epigraphic-and-vegetal-decoration,islamic,Panels with epigraphic and vegetal decoration,,Panels with epigraphic and vegetal decoration counts few finds. They usually feature a short Kufic inscription in the upper band and a vegetal pattern in the wider section below (the majority of inscriptions is not combined with the vegetal decoration; see [Epigraphic panels and frames](/islamic/finds/brickwork/epigraphic-panels).,published
panels-with-flat-lateral-pillar,islamic,Panels with flat lateral pillar,,"Panels with flat lateral pillar show a flat version of the decoration typical of composite pillars (see the category <a href=""https://ghazni.bdus.cloud/islamic/finds/brickwork/bw_columns"" target=""_blank"" rel=""noreferrer"">Pillars and columns</a>), featuring a base, a small column, and a capital (either vegetal or geometric).",published
panels-with-mosaic-like-composition,islamic,Panels with mosaic-like composition,,Panels with mosaic-like composition are highly fragmentary since they are made up of previously carved and baked inserts used as mosaic elements.,published
panels-with-roundels-of-pierced-pearls,islamic,Panels with roundels of pierced pearls,,Panels with roundels of pierced pearls found a comparison with very similar stucco items (see [Stucco/Panel with Roundels pierced pearls](/islamic/finds/stucco/s_panels-and-frames/roundels-pierced-pearls),published
panels-with-sequence-pointed-arches,islamic,Panels with sequence of pointed arches,,Panels with sequence of pointed arches resemble patterns attested on marble dado panels from the Ghaznavid Palace see [Marble/Dado Panels](/islamic/finds/marble/dado-panels)).,published
panels-with-vegetal-decoration,islamic,Panels with vegetal decoration,,"Panels with vegetal decoration gather different fragments, some of those still preserve a detectable pattern, but some other don’t. Many of those still need to be analysed thoroughly.",published
pilasters,islamic,Pilasters,,"Pilasters repropose the type 1 attested by brickwork items (see <a href=""https://ghazni.bdus.cloud/islamic/finds/brickwork/bw_pilasters/type-1"" target=""_blank"" rel=""noreferrer"">Brickwork/Pilasters/type1</a>).",published
plain-decorated,islamic,Plain tiles,,"The plain tiles total 229 items. They are characterised by the combination of shape and colour. The square tiles are by far the most abundant, with 88 specimens; the polygonal tiles are 47; the star-shaped tiles are 9. A few square specimens (side length 13.5-20 cm) and the star-shaped tiles (width ca 13 cm) are the largest items of the group. The majority of the plain tiles are covered by a transparent green glaze or an opaque turquoise glaze. Among the square tiles, the green specimens prevail, followed by the turquoise, while yellow/mustard and red/russet items are less represented. The hexagonal tiles in the shape of regular hexagon are 26; they are mostly turquoise, yellow and green ones are less abundant. The variant in the shape of elongated hexagon is exemplified by 11 tiles, associated with yellow and opaque turquoise glazes, only one is green. The star-shaped tiles exclusively belong to the plain group, they are all red.

Based on the more recent stratigraphic analysis of the ceramic assemblages from the Ghaznavid palace, it is possible to affirm that the production of the plain tiles started between the end of the 11th and the first half of the 12th century, earlier than the manufacture and use of the decorated tiles.",published
pottery,buddhist,Pottery,,"The inventoried pottery from Tapa Sardar includes inscribed sherds (among them one with the inscription “*Kanika mahārāja vihāra*”, the temple of the Great King Kaniṣka) and many samples of stamped pottery (i.e. pottery with one or more impressions made on the vessels’ external surface), which seems to have been rather common in Afghanistan, south of the Hindukush, in the second half of the first millennium CE. These impressions, usually round in shape, display a remarkable variety of scenes and symbols: human figures, animals such as wild goats, horses, deer and birds, the vase of abundance, vegetal motifs, solar symbols and undeciphered geometrical patterns. No clearly recognizable Buddhist motifs appear in this repertoire; in fact, the iconographies share many similarities with the rock art of the Hindukush, thus suggesting the appurtenance to a cross-cultural symbolic universe.",published
roundels-pierced-pearls,islamic,Panels with roundels of pierced pearls,,"Panels with roundels of pierced pearls resemble brickwork items (see <a href=""https://ghazni.bdus.cloud/islamic/finds/brickwork/bw_panels-and-frames/panels-with-roundels-of-pierced-pearls"" target=""_blank"" rel=""noreferrer"">Brickwork/Panels with roundels of pierced pearls</a>), but their state of preservation is far poorer.",published
s_panels-and-frames,islamic,Panels and frames,,"Panels in this section are made of a stucco layer bedded on a base of baked brick. For items with a combination of brick and stucco, see Brickwork and stucco. Panels and frames have been distinguished so far on the basis of size (frames are less wide). Since no find was found in situ it is difficult to assign them.  
Frames are very fragmentary, but they are among the few finds still preserving the polychrome painted decoration.",published
s_tiles,islamic,Tiles,,"Stucco tiles have measures comprised between 12 and 15 cm. Some of them were found still inserted into panels, more than one hundred isolated. They show a variety of geometric shapes: definitions indicate regular polygons even though they are not always precise. Some are carved, some stamped (see for instance a series of hexagonal tiles painted in red). Many still preserved the original painting in good state. On the same type of tiles, the colour is usually uniform.",published
screen-1,islamic,Screen (type 1),,"High screen carved in bas-relief on both sides; originally composed of more panels (type 1). This type is represented by one specimen. On both sides the decoration is composed of a main central section framed by a band on its top and lateral sides; another band frames its lower side.

Side A. The upper frame consists of four-lobed medallions enclosing sphinxes, harpies or double-headed eagles; they are interlaced with fleur-de-lis in the contour panels. The lower frame consists of rightbound running lions against a field of vegetal scrolls. The main section consists of a large *waq waq* pattern with a winged human bust, sphinxes and parrots.

Side B. The upper frame consists of interlaced octagons, each enclosing a different animal: winged lions, bulls and goats, griffins, elephants, peacocks, sphinxes; the contour panels are filled by rosettes. The lower frame consists of birds and leftbound running winged lions and quadrupeds against a field of vegetal scrolls. The main section consists of a *waq waq* pattern with sphinxes, harpies, winged lions, as well as a winged human bust, dragons and dogs (?) heads.

The artifact was first recorded in the Rawza Museum in Ghazni in 1957.",published
screen-10,islamic,Screen (type 10),,"Screen carved in bas-relief on both sides (type 10). This type is represented by one specimen.

The existing decoration shows a cursive epigraphic band.

The artifact was found re-employed in the Ghazni area in 1957.",published
screen-3,islamic,Screen (type 3),,"Screen carved in bas-relief and with openwork decoration (type 3). This type is represented by one specimen.

The screen is framed on the four sides by a Kufic epigraphic band, enclosing the openwork panel. This shows a geometrical pattern with alternating hexagons and six-pointed stars.

Marble brackets (possibly two) sculpted from the same marble block are in the upper side.  
The artifact was found re-employed in the Ghazni area in 1957.",published
screen-4,islamic,Screen (type 4),,"Screen carved in bas-relief and with openwork decoration (type 4).

The screen is framed by a cursive epigraphic band enclosing an openwork panel with a geometrical pattern of intersecting hexagons (horizontal sequences), decorated by incised lines. The epigraphic band continues on one of the short faces of the parallelepiped and is continuous on all sides except for the lower side; a fleur-de-lis interrupts the sequence of the words in one or both the upper corners.

The height of the screens is 48 cm, their width varies from 94 cm to 92 cm; their thickness is 12.5-11 cm.

The artifacts were excavated in the Ghaznavid palace (the excavation occurred in the late 1950s-1960s).",published
screen-5,islamic,Screen (type 5),,"Screen carved in bas-relief on both sides and with openwork decoration (type 5).  
The two sides show the same decoration: the screen is framed by four bands enclosing an openwork panel with a geometrical pattern of intersecting hexagons (diagonal sequences). The upper band shows of a cursive inscription; the lateral bands consists of rolled up half-palmettes; the lower consists of leftbound running animals (lions, dogs, hares).  
The dimensions are unknown.  
One artifact was first recorded in the Kabul National Museum in 1958; it came from Ghazni; one artifact was purchased at Ghazni in the years between 1957 and 1966.",published
screen-6,islamic,Screen (type 6),,"Screen carved in bas-relief and with openwork decoration (type 6). This type is represented by one specimen. The existing decoration shows an openwork panel with hexagons framed, in the lower side by a band with a sequence of two interlaced and rolled up half-palmettes.  
The artifact was purchased at Ghazni in 1960.",published
screen-7,islamic,Screen (type 7),,"Screen (with rounded top) carved in bas-relief on both sides (type 7). This type is represented by one specimen. On both sides the decoration is composed of one section.

Side A. The decoration shows a gradient lion.

Side B. The decoration shows a vegetal pattern of interlaced half-palmettes and fleur-de-lis.  
The artifact was first recorded in the Kabul National Museum in 1958; it came from Ghazni.",published
screen-7a,islamic,Screen (type 7a),,"Screen (with rounded top) carved in bas-relief on both sides (type 7a). This type is represented by one specimen. Its interpretation as a transenna is based on the rounded top, which parallels screen type 7; however, the back is left plain.

The decoration is composed of one section with scrolls ending in a dragon and deer, probably part of a *waq waq* motif or as tails of a seated lion.

The artifact was purchased at Ghazni in 1958.",published
screen-8,islamic,Screen (type 8),,"Screen carved in bas-relief on both sides (type 8).

Side A. The decoration is composed of one section with a figurative scene. The scenes include rider hunting a lion, riders and elephants.

Side B. The decoration is composed of three horizontal sections: the upper section consists of a cursive epigraphic band, the mid section of a vegetal pattern of interlaced half-palmettes and fleur-de-lis, and the lower section of a band with leftbound running lions, dogs, hares, birds.  
The height of the panels varies from 44.5 cm to 46 cm, their width from 62 cm to 85 cm; their thickness is 8-8.5 cm.

One artifact was first recorded in the Kabul National Museum in 1958; it came from Ghazni; one was first recorded in the Rawza Museum in Ghazni in the years between 1959 and 1966; one was found re-employed in the Ghazni area in 1957; one artifact was purchased at Ghazni in 1966.",published
screen-9,islamic,Screen (type 9),,"Screen carved in bas-relief on both sides (type 9).

Side A. The decoration is composed of three horizontal sections: the upper section consists of a cursive epigraphic band, the mid section of figurative scenes, the lower section of a sequence of two interlaced and rolled up half-palmettes. The figurative scenes include dancers, a standing personage, a horse.

Side B. The decoration is composed of two horizontal sections: the upper section consists of a cursive epigraphic band, the main section of a figurative scene. This includes standing personages/guards and vegetal elements.

The height of the panels is 42 cm, their width varies from 41 cm to 44 cm; their thickness varies from 4.5 cm to 8 cm.

One artifact was first recorded in the Kabul National Museum in 1958; it came from Ghazni; one was first recorded in the Rawza Museum in Ghazni in 1966.",published
screens,islamic,Screens,,"Screens carved in bas relief on both sides, sometimes with a geometrical openwork decoration. Most are in the shape of a low rectangle; one is a tall rectangle. The decoration often shows figurative scenes; openwork screens are usually framed by inscribed band with benedictory or building texts.

Most artifacts were found re-employed in the Ghazni area in between 1957 and 1966, some were excavated in the Ghaznavid palace; other were first recorded in the Kabul museum and in the Rawza museum in the years between 1957 and 1966; one was purchased in Ghazni in the same years.",published
seals,buddhist,Seals,,This category is represented at Tapa Sardar by a single specimen.,published
slabs,islamic,Slabs,,"Fragments carved in bas-relief. A use on a wall can be deduced but is not possible to reconstruct the original object, for the small dimensions of the fragments, the missing of the borders, or the absence a photograph.",published
statues,buddhist,Statues,,"This category includes either sculptures in the round or fragments (arms, feet) of uncertain interpretation, which may have belonged to Wall statues (see the relevant category).

In the Early Period, small sculptures were modelled (or moulded) with highly purified clay mixed with very finely triturated straw. Large-sized sculptures were modelled around an armature made of a sheaf of stray or reeds held by a strand of ropes; the figures were then shaped with a thick layer of coarse clay and completed with a coat of purified clay. Similar techniques were also used during the Late Period, although adapted to new challenges such as the gigantic size of the main cultic images: the core was made of common clay mixed with straw, and wooden sticks were used to fix the images to the walls (Wall statues) or heads and limbs to the trunks; the finishing layer was of a distinctive red colour.

The sculptures were all vivified by a bright polychromy and, particularly in the Early Period 2 and in the Late Period, they were often gilded.",published
stucco-half-shells,islamic,Half-shells,,"The most interesting find comes from the entrance area; it is the only preserved item reproposing in stucco the technique usually employed in brick panels with stucco tiles (see <a href=""https://ghazni.bdus.cloud/islamic/finds/brickwork-and-stucco"" target=""_blank"" rel=""noreferrer"">Brickwork and stucco</a>).",published
stucco-lunettes,islamic,Lunettes,,Lunettes present a high variety of vegetal composition.,published
stucco-tiles,islamic,Stucco tiles,,"Stucco tiles have measures comprised between 12 and 15 cm. Some of them were found still inserted into panels, more than one hundred isolated. They show a variety of geometric shapes: definitions indicate regular polygons even though they are not always precise. Some are carved, some stamped (see for instance a series of hexagonal tiles painted in red). Many still preserved the original painting in good state. On the same type of tiles, the colour is usually uniform.",published
tanks,islamic,Tanks,,"Parallelepiped tank, carved in bas-relief. A drainage hole is on bottom of one of the long sides, another hole is on top of the other side.

The artifact was found re-employed in the Ghazni area in 1958-1966.",published
vegetal-decoration,islamic,Panels with vegetal decoration,,Panels with vegetal decoration include a variety of items that differ on the technical and decorative ground. The few finds in a discrete state of preservation represent unique items.,published
water-system-elements,islamic,Water system elements,,"Elements employed in the water systems, including basins, tanks, well curbs and drains. Some are carved in bas-relief, drains are sculpted in the shape of animal-heads.

Artifacts were found in the Ghazni area or in the Rawza and Kabul museums in the years 1957-1966, or were purchased in Ghazni in the same years, or were excavated in the Ghaznavid palace and in the house of luster wares; other were first recorded in the Kabul and in Ghazni store-rooms in 2002 and 2004.",published
well-curbs,islamic,Well curbs,,"Marble elements most probably composing well curbs. One is carved in bas-relief with an inscribed band bearing honorific titles.

One artifact was found in the Ghazni storeroom in 2002; one was excavated in the Ghaznavid palace.",published
window-grids,islamic,Window grids,,Window grids are highly fragmentary and come from two rooms of the Ghaznavid Palace.,published
